2025-05-15 21:26:59,1,Daniils Baranovs
2025-05-15 21:36:04,13030722796,Daniils Baranovs
2025-05-15 21:57:02,67890,Петр Петров
2025-05-15 22:22:06,13030722796,Daniils Baranovs
2025-05-15 22:44:49,10,Lionel Messi
2025-05-15 22:44:50,10,Lionel Messi
2025-05-15 22:44:54,87,messi
2025-05-15 22:45:04,87,messi
2025-05-15 22:45:04,10,Lionel Messi
2025-05-15 22:45:04,87,messi
2025-05-15 22:45:05,10,Lionel Messi
2025-05-15 22:45:20,87,messi
2025-05-15 22:45:22,10,Lionel Messi
2025-05-15 22:45:26,87,messi
2025-05-15 22:47:06,130307-22796,Daniils BAranovs
2025-05-15 22:47:22,130307-22796,Daniils BAranovs
2025-05-15 22:48:14,130307-22796,Daniils BAranovs
2025-05-15 22:48:23,130307-22796,Daniils BAranovs
2025-05-15 22:48:37,130307-22796,Daniils BAranovs
2025-05-15 22:52:25,130307-22796,Daniils BAranovs
2025-05-15 23:10:02,130307-22796,Daniils BAranovs
2025-05-15 23:10:21,130307-22796,Daniils BAranovs
2025-05-21 19:18:47,130307-22796,Daniils BAranovs
2025-05-21 19:31:29,130307-22796,Daniils Baranovs
2025-05-21 19:46:34,130307-22796,Daniils Baranovs
2025-05-21 19:49:43,130307-22796,Daniils Baranovs
2025-05-21 20:46:22,130307-22796,Daniils Baranovs
2025-05-21 21:10:49,130307-22796,Daniils Baranovs
2025-05-21 21:43:02,130307-22796,Daniils Baranovs
2025-05-21 23:02:34,130307-22796,Daniils Baranovs
2025-05-21 23:04:16,130307-22796,Daniils Baranovs
2025-05-22 23:53:15,a123123,qwda
